Type,Name,Request Count,Failure Count,Median Response Time,Average Response Time,Min Response Time,Max Response Time,Average Content Size,Requests/s,Failures/s,50%,66%,75%,80%,90%,95%,98%,99%,99.9%,99.99%,100%
GET,GET /api/cache/entries,33,5,4800.0,8592.666684275944,1.1887919390574098,39789.1253340058,102392.81818181818,0.11043309092927613,0.016732286504435777,4800,8500,10000,13000,27000,32000,40000,40000,40000,40000,40000
GET,GET /api/cache/health,8,0,4100.0,7402.376197904232,14.945458038710058,17596.905083977617,205.0,0.02677165840709724,0.0,7700,13000,17000,17000,18000,18000,18000,18000,18000,18000,18000
GET,GET /api/cache/search,39,4,7100.0,10423.922246739938,368.6302079586312,47550.16470793635,3043.897435897436,0.13051183473459907,0.01338582920354862,7100,11000,16000,17000,22000,45000,48000,48000,48000,48000,48000
GET,GET /api/cache/stats,39,1,7800.0,8343.006863214005,37.617500056512654,29622.50495806802,263.7692307692308,0.13051183473459907,0.003346457300887155,7800,9900,11000,13000,15000,29000,30000,30000,30000,30000,30000
GET,GET /health,9,1,15000.0,10790.046458443006,49.34649995993823,22884.206917020492,41.77777777777778,0.030118115707984398,0.003346457300887155,15000,16000,16000,22000,23000,23000,23000,23000,23000,23000,23000
POST,POST /api/query,135,5,7700.0,9513.99907096358,118.72933292761445,54111.74658301752,345.8888888888889,0.45177173561976597,0.016732286504435777,7700,11000,13000,15000,17000,21000,31000,40000,54000,54000,54000
,Aggregated,263,16,7500.0,9339.116114671537,1.1887919390574098,54111.74658301752,13523.471482889734,0.8801182701333219,0.05354331681419448,7500,10000,13000,15000,17000,27000,32000,45000,54000,54000,54000
