Type,Name,Request Count,Failure Count,Median Response Time,Average Response Time,Min Response Time,Max Response Time,Average Content Size,Requests/s,Failures/s,50%,66%,75%,80%,90%,95%,98%,99%,99.9%,99.99%,100%
GET,GET /api/cache/entries,17,3,3200.0,4007.0258677759043,379.58037503995,10113.934249966405,104049.88235294117,0.43756557016890757,0.07721745355921898,3200,6000,6300,6900,8400,10000,10000,10000,10000,10000,10000
GET,GET /api/cache/stats,11,3,8100.0,8527.952325509184,713.6892910348251,16812.45870795101,196.9090909090909,0.28313066305046963,0.07721745355921898,8100,9200,11000,11000,13000,17000,17000,17000,17000,17000,17000
GET,GET /health,3,0,8500.0,14253.883027626822,3230.6281669298187,31027.281041024253,47.0,0.07721745355921898,0.0,8500,8500,31000,31000,31000,31000,31000,31000,31000,31000,31000
POST,POST /api/query,65,9,8000.0,7855.64430766524,937.59837502148,34711.84520900715,293.33846153846156,1.6730448271164113,0.23165236067765696,8000,9100,10000,12000,13000,14000,23000,35000,35000,35000,35000
,Aggregated,96,15,6900.0,7451.098379311588,379.58037503995,34711.84520900715,18648.145833333332,2.4709585138950074,0.3860872677960949,6900,8500,9800,11000,13000,14000,31000,35000,35000,35000,35000
