Type,Name,Request Count,Failure Count,Median Response Time,Average Response Time,Min Response Time,Max Response Time,Average Content Size,Requests/s,Failures/s,50%,66%,75%,80%,90%,95%,98%,99%,99.9%,99.99%,100%
POST,POST /api/query,2,0,16008.268875069916,16933.818583085667,16008.268875069916,17859.36829110142,292.0,0.11187780351083058,0.0,18000,18000,18000,18000,18000,18000,18000,18000,18000,18000,18000
,Aggregated,2,0,16008.268875069916,16933.818583085667,16008.268875069916,17859.36829110142,292.0,0.11187780351083058,0.0,18000,18000,18000,18000,18000,18000,18000,18000,18000,18000,18000
